Article Title,Link,Question,Quantitatively Relevant,Curated
Rising Auto Loan Delinquencies and High Monthly Payments,https://www.federalreserve.gov/econres/notes/feds-notes/rising-auto-loan-delinquencies-and-high-monthly-payments-20240926.html,How does the model incorporate monthly payment trends into delinquency risk predictions?,,
Rising Auto Loan Delinquencies and High Monthly Payments,https://www.federalreserve.gov/econres/notes/feds-notes/rising-auto-loan-delinquencies-and-high-monthly-payments-20240926.html,What role does income distribution data play in model predictions of auto loan defaults?,,
Rising Auto Loan Delinquencies and High Monthly Payments,https://www.federalreserve.gov/econres/notes/feds-notes/rising-auto-loan-delinquencies-and-high-monthly-payments-20240926.html,How does the model adapt to economic fluctuations that affect auto loan repayment?,,
Negative Equity in Auto Loans: Recent Trends,https://www.consumerfinance.gov/data-research/research-reports/data-spotlight-negative-equity-findings-from-the-auto-finance-data-pilot/,Does the model effectively account for the risk posed by borrowers with negative equity?,,
Negative Equity in Auto Loans: Recent Trends,https://www.consumerfinance.gov/data-research/research-reports/data-spotlight-negative-equity-findings-from-the-auto-finance-data-pilot/,How does the model handle scenarios where negative equity increases due to declining car values?,,
Negative Equity in Auto Loans: Recent Trends,https://www.consumerfinance.gov/data-research/research-reports/data-spotlight-negative-equity-findings-from-the-auto-finance-data-pilot/,What metrics are used by the model to track the relationship between loan-to-value ratios and defaults?,,
Auto Loan Delinquency Insights from Economic Stress Studies,https://www.federalreserve.gov/econres/notes/auto-loan-performance-under-economic-stress-20240910.html,What methods does the model employ to predict delinquency rates during economic downturns?,,
Auto Loan Delinquency Insights from Economic Stress Studies,https://www.federalreserve.gov/econres/notes/auto-loan-performance-under-economic-stress-20240910.html,How does the model differentiate between short-term and long-term economic stress effects?,,
Auto Loan Delinquency Insights from Economic Stress Studies,https://www.federalreserve.gov/econres/notes/auto-loan-performance-under-economic-stress-20240910.html,Does the model use historical data to predict the impact of future recessions on auto loan defaults?,,
Consumer Credit Trends in Auto Lending,https://www.consumerfinance.gov/data-research/research-reports/consumer-credit-trends-in-auto-lending-2024/,How does the model adjust for changes in credit score trends among auto loan borrowers?,,
Consumer Credit Trends in Auto Lending,https://www.consumerfinance.gov/data-research/research-reports/consumer-credit-trends-in-auto-lending-2024/,What statistical methods are used by the model to correlate credit trends with default risk?,,
Consumer Credit Trends in Auto Lending,https://www.consumerfinance.gov/data-research/research-reports/consumer-credit-trends-in-auto-lending-2024/,How does the model predict shifts in credit availability for auto loans based on recent trends?,,
Subprime Auto Loan Performance and Risks,https://www.consumerfinance.gov/data-research/research-reports/subprime-auto-loan-performance-insights-2024/,How does the model handle the increased risk profile of subprime borrowers in auto lending?,,
Subprime Auto Loan Performance and Risks,https://www.consumerfinance.gov/data-research/research-reports/subprime-auto-loan-performance-insights-2024/,What assumptions are built into the model about the repayment behavior of subprime borrowers?,,
Subprime Auto Loan Performance and Risks,https://www.consumerfinance.gov/data-research/research-reports/subprime-auto-loan-performance-insights-2024/,How does the model distinguish between subprime borrowers who are more likely to default?,,
Analyzing Loan-to-Value Ratios and Default Probabilities,https://www.federalreserve.gov/econres/notes/loan-to-value-ratios-and-auto-loan-performance-20240901.html,How does the model incorporate loan-to-value ratios into its default risk calculations?,,
Analyzing Loan-to-Value Ratios and Default Probabilities,https://www.federalreserve.gov/econres/notes/loan-to-value-ratios-and-auto-loan-performance-20240901.html,What thresholds for loan-to-value ratios are most critical in the modelâ€™s predictions?,,
Analyzing Loan-to-Value Ratios and Default Probabilities,https://www.federalreserve.gov/econres/notes/loan-to-value-ratios-and-auto-loan-performance-20240901.html,How does the model simulate changes in loan-to-value ratios over time?,,
Impact of Rising Interest Rates on Auto Loans,https://www.consumerfinance.gov/data-research/research-reports/impact-of-rising-interest-rates-on-auto-loan-affordability-2024/,What sensitivity analysis does the model include for interest rate fluctuations?,,
Impact of Rising Interest Rates on Auto Loans,https://www.consumerfinance.gov/data-research/research-reports/impact-of-rising-interest-rates-on-auto-loan-affordability-2024/,How does the model adjust risk predictions when interest rates rise unexpectedly?,,
Impact of Rising Interest Rates on Auto Loans,https://www.consumerfinance.gov/data-research/research-reports/impact-of-rising-interest-rates-on-auto-loan-affordability-2024/,What assumptions about interest rate impacts are built into the model?,,
Assessing Early Auto Loan Delinquencies,https://www.federalreserve.gov/econres/notes/early-delinquencies-in-auto-loans-and-credit-card-debt-2024.html,How does the model predict early-stage delinquencies versus long-term delinquencies?,,
Assessing Early Auto Loan Delinquencies,https://www.federalreserve.gov/econres/notes/early-delinquencies-in-auto-loans-and-credit-card-debt-2024.html,What features are most predictive of early delinquency in the model?,,
Assessing Early Auto Loan Delinquencies,https://www.federalreserve.gov/econres/notes/early-delinquencies-in-auto-loans-and-credit-card-debt-2024.html,How does the model address borrowers transitioning from early delinquency to default?,,
Vehicle Depreciation and Auto Loan Risk,https://www.consumerfinance.gov/data-research/research-reports/impact-of-vehicle-depreciation-on-auto-loan-risk-2024/,How does the model incorporate depreciation rates of vehicles into its risk calculations?,,
Vehicle Depreciation and Auto Loan Risk,https://www.consumerfinance.gov/data-research/research-reports/impact-of-vehicle-depreciation-on-auto-loan-risk-2024/,What assumptions are made by the model about the link between depreciation and borrower behavior?,,
Vehicle Depreciation and Auto Loan Risk,https://www.consumerfinance.gov/data-research/research-reports/impact-of-vehicle-depreciation-on-auto-loan-risk-2024/,How does the model predict depreciation rates for new versus used vehicles?,,
